{
  "V_m": -77.50527381896973,
  "V_th": -42.31143872110869,
  "g": 5.884307586764611,
  "E_L": -77.50527381896973,
  "C_m": 99.96324061436982,
  "t_ref": 3.3,
  "V_reset": -77.50527381896973,
  "asc_init": [
    0.0,
    0.0
  ],
  "asc_decay": [
    0.003,
    0.029999999999999992
  ],
  "asc_amps": [
    -3.288992945331812,
    -100.44605148253339
  ],
  "spike_dependent_threshold": false,
  "after_spike_currents": true,
  "adapting_threshold": false,
  "tau_syn": [
    1.7520153147970001,
    1.7520153147970001,
    1.7520153147970001,
    1.50304464727,
    1.50304464727,
    1.7520153147970001,
    1.50304464727,
    1.7520153147970001
  ],
  "tau_syn_slow": [
    2.903220573417,
    2.903220573417,
    2.903220573417,
    4.4110529892770005,
    6.161352063175,
    2.903220573417,
    5.5737070373840005,
    2.903220573417
  ],
  "amp_slow": [
    0.358321335490053,
    0.358321335490053,
    0.358321335490053,
    0.841789251589243,
    0.400112434183029,
    0.358321335490053,
    0.423690073616672,
    0.358321335490053
  ]
}