{
  "V_m": -74.5830593109131,
  "V_th": -45.9101811744766,
  "g": 7.22771342109064,
  "E_L": -74.5830593109131,
  "C_m": 130.00805213923894,
  "t_ref": 6.15,
  "V_reset": -74.5830593109131,
  "asc_init": [
    0.0,
    0.0
  ],
  "asc_decay": [
    0.003,
    0.1
  ],
  "asc_amps": [
    -12.152184437932686,
    -201.24205724907165
  ],
  "spike_dependent_threshold": false,
  "after_spike_currents": true,
  "adapting_threshold": false,
  "tau_syn": [
    1.7381891869869999,
    1.20142119665,
    1.7381891869869999,
    1.20142119665,
    1.7381891869869999,
    1.227917881112,
    1.7381891869869999,
    1.7381891869869999,
    1.798432212233
  ],
  "tau_syn_slow": [
    5.98649331542,
    6.335480462174,
    5.98649331542,
    4.4110529892770005,
    5.98649331542,
    6.1533564489420005,
    5.98649331542,
    5.98649331542,
    5.762523463331
  ],
  "amp_slow": [
    0.68353249134834,
    0.560133171784439,
    0.68353249134834,
    0.841789251589243,
    0.68353249134834,
    0.291507732628734,
    0.68353249134834,
    0.68353249134834,
    0.683674117170858
  ]
}