{
  "V_m": -73.94700876871744,
  "V_th": -46.8852931252494,
  "g": 6.09959806205269,
  "E_L": -73.94700876871744,
  "C_m": 149.4094484726568,
  "t_ref": 5.4,
  "V_reset": -73.94700876871744,
  "asc_init": [
    0.0,
    0.0
  ],
  "asc_decay": [
    0.01,
    0.1
  ],
  "asc_amps": [
    -25.206866420217676,
    -288.8913027801751
  ],
  "spike_dependent_threshold": false,
  "after_spike_currents": true,
  "adapting_threshold": false,
  "tau_syn": [
    1.8318457822399998,
    1.8318457822399998,
    1.563571348073,
    1.8332228743499999,
    1.8318457822399998,
    1.944231683066,
    1.8332228743499999,
    1.8318457822399998,
    1.8332228743499999,
    1.8318457822399998
  ],
  "tau_syn_slow": [
    2.6171884009529998,
    2.6171884009529998,
    2.167371136882,
    6.161352063175,
    2.6171884009529998,
    2.827443936434,
    4.4110529892770005,
    2.6171884009529998,
    7.238139091983,
    2.6171884009529998
  ],
  "amp_slow": [
    1.08595608079456,
    1.08595608079456,
    1.65105950916743,
    0.400112434183029,
    1.08595608079456,
    0.792067673268403,
    0.841789251589243,
    1.08595608079456,
    0.773026294928808,
    1.08595608079456
  ]
}